Company,Country,Sector,Industry,Total Pages,Auditor,Published
(M6) Metropole Television,France,Services,Media & Entertainment,97,97,KPMG
74Software,France,Technology & Communications,Software & IT Services,102,102,ACA Nexia & Forvis Mazars
Aalberts,Netherlands,Resource Transformation,Industrial Machinery & Goods,54,54,Deloitte
Aareal Bank,Germany,Financials,Consumer Finance,199,199,KPMG
AB InBev,Belgium,Food & Beverage,Alcoholic Beverages,36,36,PwC
Abertis Infraestructuras,Spain,Infrastructure,Engineering & Construction Services,214,214,KPMG
ABN Amro,Netherlands,Financials,Commercial Banks,146,146,EY
Acciona,Spain,Infrastructure,Engineering & Construction Services,438,438,KPMG
Accor,France,Services,Hotels & Lodging,148,148,PwC
Acea,Italy,Infrastructure,Electric Utilities & Power Generators,107,107,PwC
Acerinox,Spain,Extractives & Mineral Processing,Iron & Steel Producers,127,127,PwC
Achmea Holding,Netherlands,Financials,Insurance,163,163,EY
Addiko Bank,Austria,Financials,Commercial Banks,138,138,KPMG
adidas,Germany,Consumer Goods,"Apparel, Accessories & Footwear",217,217,PwC
Adyen,Netherlands,Consumer Goods,E-Commerce,94,94,PwC
Aegon,Netherlands,Financials,Insurance,108,108,EY
Aena,Spain,Transportation,Air Freight & Logistics,302,302,KPMG
Aeroports de Paris,France,Services,Professional & Commercial Services,312,312,Deloitte & EY
"ÄEZ, a.s.",Czech Republic,Infrastructure,Electric Utilities & Power Generators,152,152,Deloitte
Ageas,Belgium,Financials,Insurance,113,113,PwC
AGFA-Gevaert,Belgium,Resource Transformation,Industrial Machinery & Goods,84,84,PwC
Air France-KLM,France,Transportation,Airlines,169,169,KPMG & PwC
Air Liquide,France,Resource Transformation,Chemicals,103,103,PwC & KPMG
Airbus,France,Resource Transformation,Aerospace & Defence,108,108,EY
AIXTRON,Germany,Technology & Communications,Semiconductors,86,86,KPMG
Aker BP,Norway,Extractives & Mineral Processing,Oil & Gas – Exploration & Production,106,106,PwC
Aker Solutions,Norway,Extractives & Mineral Processing,Oil & Gas – Services,88,88,PwC
Aktia Bank,Finland,Financials,Commercial Banks,66,66,KPMG
Akzo Nobel,Netherlands,Resource Transformation,Chemicals,61,61,PwC
Alfen,Netherlands,Resource Transformation,Electrical & Electronic Equipment,33,33,PwC
ALK,Denmark,Health Care,Biotechnology & Pharmaceuticals,69,69,PwC
Allegro,Luxembourg,Consumer Goods,E-Commerce,67,67,PwC
Alliander,Netherlands,Infrastructure,Electric Utilities & Power Generators,89,89,PwC
Allianz,Germany,Financials,Insurance,132,132,PwC
Allied Irish Banks (AIB) Group,Ireland,Financials,Commercial Banks,78,78,PwC
Alm Brand,Denmark,Financials,Insurance,71,71,EY
Altri SGPS,Portugal,Renewable Resources & Alternative Energy,Pulp & Paper Products,138,138,EY
Amadeus FiRe AG,Germany,Services,Professional & Commercial Services,87,87,PwC
Amadeus IT,Spain,Technology & Communications,Software & IT Services,209,209,EY
AMAG Austria Metall,Austria,Extractives & Mineral Processing,Metals & Mining,114,114,EY
AMG Critical Materials,Netherlands,Resource Transformation,Chemicals,58,58,KPMG
Amplifon,Italy,Health Care,Health Care Distributors,120,120,KPMG
Amsterdam Commodities,Netherlands,Food & Beverage,Processed Foods,55,55,EY
Amundi,France,Financials,Asset Management & Custody Activities,89,89,PwC & Forvis Mazars
Arcadis,Netherlands,Infrastructure,Engineering & Construction Services,109,109,PwC
Arena Hospitality,Croatia,Services,Hotels & Lodging,43,43,Deloitte
Argenx,Netherlands,Health Care,Biotechnology & Pharmaceuticals,69,69,Deloitte
Ariston Holding,Netherlands,Consumer Goods,Appliance Manufacturing,105,105,EY
Arkema,France,Resource Transformation,Chemicals,114,114,KPMG & Forvis Mazars
Aroundtown,Luxembourg,Infrastructure,Real Estate,111,111,KPMG
Asklepios Kliniken,Germany,Health Care,Health Care Distributors,118,118,KPMG
ASM International,Netherlands,Technology & Communications,Semiconductors,36,36,KPMG
ASML Holding,Netherlands,Technology & Communications,Semiconductors,163,163,KPMG
ASR Nederland,Netherlands,Financials,Insurance,127,127,KPMG
Assa Abloy,Sweden,Resource Transformation,Electrical & Electronic Equipment,49,49,EY
Atea,Norway,Technology & Communications,Software & IT Services,93,93,Deloitte
Atenor,Belgium,Infrastructure,Home Builders,138,138,BDO
Atos,France,Technology & Communications,Software & IT Services,150,150,Forvis Mazars
Atria,Finland,Food & Beverage,"Meat, Poultry & Dairy",51,51,Deloitte
Austrian Post,Austria,Transportation,Air Freight & Logistics,115,115,BDO
Autostrade per l'Italia,Italy,Infrastructure,Engineering & Construction Services,117,117,KPMG
Avinor,Norway,Services,Professional & Commercial Services,97,97,EY
AXA,France,Financials,Insurance,142,142,EY & KPMG
Axfood,Sweden,Food & Beverage,Food Retailers & Distributors,59,59,Deloitte
BAM,Netherlands,Infrastructure,Engineering & Construction Services,69,69,EY
Banca Generali,Italy,Financials,Commercial Banks,196,196,KPMG
Banco Comercial Português,Portugal,Financials,Commercial Banks,104,104,KPMG
Banco Sabadell,Spain,Financials,Commercial Banks,269,269,KPMG
Banco Santander,Spain,Financials,Commercial Banks,213,213,PwC
Bank Millenium,Poland,Financials,Commercial Banks,169,169,Deloitte
Bank of America Europe DAC,Ireland,Financials,Commercial Banks,76,76,Forvis Mazars
Bank of Cyprus Holdings,Cyprus,Financials,Commercial Banks,181,181,PwC
Bank of Ireland,Ireland,Financials,Commercial Banks,140,140,KPMG
Bank Polska Kasa Opieki,Poland,Financials,Commercial Banks,173,173,PwC
Barclays Bank,United Kingdom,Financials,Commercial Banks,82,82,KPMG
Barclays Bank Ireland,Ireland,Financials,Commercial Banks,87,87,KPMG
Barco,Belgium,Technology & Communications,Hardware,57,57,PwC
BASF,Germany,Resource Transformation,Chemicals,180,180,Deloitte
Basic-Fit,Netherlands,Services,Leisure Facilities,50,50,EY
Bavarian Nordic,Denmark,Health Care,Biotechnology & Pharmaceuticals,71,71,KPMG
Bayer,Germany,Health Care,Biotechnology & Pharmaceuticals,143,143,Deloitte
BBVA,Spain,Financials,Commercial Banks,339,339,EY
BE Semiconductor Industries,Netherlands,Technology & Communications,Semiconductors,79,79,EY
Bekaert,Belgium,Resource Transformation,Industrial Machinery & Goods,87,87,EY
Belfius Bank (Dexia Banque),Belgium,Financials,Commercial Banks,209,209,KPMG
Benefit Systems,Poland,Services,Professional & Commercial Services,88,88,KPMG
Bertelsmann,Germany,Services,Media & Entertainment,86,86,KPMG
Bilfinger,Germany,Resource Transformation,Industrial Machinery & Goods,197,197,PwC
BillerudKorsnas,Sweden,Resource Transformation,Containers & Packaging,109,109,KPMG
bioMerieux,France,Health Care,Medical Equipment & Supplies,104,104,EY
BMW,Germany,Transportation,Automobiles,154,154,PwC
BNP Paribas,France,Financials,Commercial Banks,195,195,Deloitte & EY
BNP Paribas Fortis,Belgium,Financials,Commercial Banks,160,160,Deloitte
Borealis,Austria,Resource Transformation,Chemicals,178,178,KPMG
Borregaard,Norway,Resource Transformation,Chemicals,114,114,EY
BPOST SA,Belgium,Transportation,Air Freight & Logistics,153,153,EY
BRD Groupe Societe Generale,Romania,Financials,Commercial Banks,267,267,PWC
Brenntag,Germany,Resource Transformation,Chemicals,60,60,Deloitte
Brunel International,Netherlands,Services,Professional & Commercial Services,32,32,EY
Brunello Cucinelli,Italy,Consumer Goods,"Apparel, Accessories & Footwear",139,139,PwC
Bureau Veritas,France,Services,Professional & Commercial Services,128,128,EY
BW Offshore,Bermuda,Transportation,Marine Transportation,107,107,KPMG
Cabka,Netherlands,Resource Transformation,Containers & Packaging,34,34,BDO
Caixa Geral de Depósitos,Portugal,Financials,Commercial Banks,147,147,EY
Caixabank,Spain,Financials,Commercial Banks,387,387,PwC
Capgemini,France,Technology & Communications,Software & IT Services,232,232,Forvis Mazars
Cargotec,Finland,Resource Transformation,Industrial Machinery & Goods,47,47,EY
Carlsberg,Denmark,Food & Beverage,Alcoholic Beverages,58,58,PwC
Casino Guichard Perrachon,France,Food & Beverage,Food Retailers & Distributors,107,107,KPMG
CD PROJEKT,Poland,Technology & Communications,Software & IT Services,57,57,Grant Thornton
Cellnex,Spain,Technology & Communications,Telecommunication Services,304,304,Deloitte
Cementir Holding,Netherlands,Extractives & Mineral Processing,Construction Materials,214,214,PwC
Cenergy,Belgium,Resource Transformation,Electrical & Electronic Equipment,106,106,PwC
Clariane,France,Health Care,Health Care Delivery,190,190,Forvis Mazars
CNP assurances,France,Financials,Insurance,161,161,KPMG & Forvis Mazars
Coca Cola HBC,Switzerland,Food & Beverage,Non-Alcoholic Beverages,131,131,PwC
Coface,France,Financials,Insurance,154,154,Deloitte
Commerzbank,Germany,Financials,Commercial Banks,254,254,KPMG
COMPAGNIE D'ENTREPRISES CFE SA,Belgium,Infrastructure,Engineering & Construction Services,54,54,EY
Continental,Germany,Transportation,Auto Parts,124,124,PwC
Copenhagen Airport,Denmark,Services,Professional & Commercial Services,96,96,Deloitte
Corbion,Netherlands,Food & Beverage,Processed Foods,68,68,KPMG
Corticeira Amorim SGPS,Portugal,Resource Transformation,Containers & Packaging,200,200,EY
Covestro,Germany,Resource Transformation,Chemicals,110,110,KPMG
Covivio,France,Infrastructure,Real Estate,230,230,EY
Covivio Hotels,France,Infrastructure,Real Estate,181,181,EY
Crayon Group Holding,Norway,Technology & Communications,Software & IT Services,80,80,Deloitte
Crédit Agricole,France,Financials,Commercial Banks,164,164,PwC & Forvis Mazars
Crédit agricole assurances,France,Financials,Insurance,109,109,PwC & Forvis Mazars
Crédit Mutuel Arkéa,France,Financials,Commercial Banks,165,165,Deloitte & PwC
CTP,Netherlands,Infrastructure,Real Estate,69,69,KPMG
CTT - Correios de Portugal,Portugal,Transportation,Air Freight & Logistics,96,96,EY
CUF,Portugal,Health Care,Health Care Delivery,122,122,Deloitte
Cyfrowy Polsat,Poland,Technology & Communications,Telecommunication Services,117,117,EY
D/S Norden,Denmark,Transportation,Marine Transportation,45,45,EY
Daimler Truck,Germany,Transportation,Industrial Machinery & Goods,97,97,KPMG
Danfoss,Denmark,Technology & Communications,Electronic Manufacturing Services & Original Design Manufacturing,60,60,PwC
Danica Pension,Denmark,Financials,Insurance,69,69,Deloitte
Danone,France,Food & Beverage,Processed Foods,295,295,Forvis Mazars
Danske Bank,Denmark,Financials,Commercial Banks,83,83,Deloitte
Dassault Aviation,France,Resource Transformation,Aerospace & Defence,104,104,PwC & Forvis Mazars
Dassault Systèmes,France,Technology & Communications,Software & IT Services,164,164,PwC
De Volksbank,Netherlands,Financials,Commercial Banks,82,82,EY
Deceuninck,Belgium,Consumer Goods,Building Products & Furnishings,53,53,PwC
DekaBank Deutsche Girozentrale,Germany,Financials,Commercial Banks,301,301,Deloitte
Demant,Denmark,Health Care,Medical Equipment & Supplies,65,65,PwC
Deutsche Bank,Germany,Financials,Investment Banking & Brokerage,158,158,EY
Deutsche Börse,Germany,Financials,Security & Commodity Exchange,64,64,PwC
Deutsche Lufthansa,Germany,Transportation,Airlines,133,133,EY
Deutsche Pfandbriefbank,Germany,Financials,Commercial Banks,169,169,Deloitte
Deutsche Telekom,Germany,Technology & Communications,Telecommunication Services,84,84,Deloitte
DFDS,Denmark,Transportation,Marine Transportation,73,73,PwC
DHL,Germany,Transportation,Air Freight & Logistics,66,66,Deloitte
Digia,Finland,Technology & Communications,Software & IT Services,45,45,EY
Dino Polska,Poland,Food & Beverage,Food Retailers & Distributors,56,56,KPMG
DNB Bank,Norway,Financials,Commercial Banks,146,146,EY
DNO,Norway,Extractives & Mineral Processing,Oil & Gas – Exploration & Production,25,25,EY
DNV,Norway,Services,Professional & Commercial Services,86,86,KPMG
DOF Subea,Norway,Extractives & Mineral Processing,Oil & Gas – Services,73,73,PwC
Dreagewerk,Germany,Health Care,Medical Equipment & Supplies,98,98,KPMG
DSB,Denmark,Transportation,Rail Transportation,105,105,EY
dsm-firmenich,Switzerland,Resource Transformation,Chemicals,55,55,KPMG
DSV Panalpina,Denmark,Transportation,Air Freight & Logistics,42,42,PwC
DWS Group,Germany,Financials,Asset Management & Custody Activities,85,85,KPMG
DZ BANK,Germany,Financials,Commercial Banks,319,319,PwC
E.ON,Germany,Infrastructure,Electric Utilities & Power Generators,53,53,KPMG
Ebro Foods,Spain,Food & Beverage,Processed Foods,219,219,EY
Econocom Group,Belgium,Financials,Commercial Banks,116,116,BDO
Edenred,France,Services,Professional & Commercial Services,104,104,Deloitte & EY
Edison,Italy,Infrastructure,Electric Utilities & Power Generators,159,159,KPMG
EDP Renováveis,Portugal,Infrastructure,Electric Utilities & Power Generators,208,208,PwC
Elia System Operator,Belgium,Infrastructure,Electric Utilities & Power Generators,145,145,EY & BDO
Elisa,Finland,Technology & Communications,Telecommunication Services,65,65,EY
Elkem,Norway,Resource Transformation,Chemicals,54,54,KPMG
ELO,France,Food & Beverage,Food Retailers & Distributors,371,371,PwC & KPMG
Elopak,Norway,Resource Transformation,Containers & Packaging,105,105,PwC
Enagas,Spain,Extractives & Mineral Processing,Oil & Gas – Midstream,217,217,EY
Enav,Italy,Services,Professional & Commercial Services,73,73,EY
EnBW Energie Baden-Wuerttemberg,Germany,Infrastructure,Electric Utilities & Power Generators,115,115,BDO
Endesa,Spain,Infrastructure,Electric Utilities & Power Generators,264,264,KPMG
ENEA,Poland,Infrastructure,Electric Utilities & Power Generators,102,102,PwC
Enel,Italy,Infrastructure,Electric Utilities & Power Generators,180,180,KPMG
Energias de Portugal (EDP),Portugal,Infrastructure,Electric Utilities & Power Generators,278,278,PwC
Engie,France,Infrastructure,Electric Utilities & Power Generators,155,155,Deloitte & EY
Eni,Italy,Extractives & Mineral Processing,Oil & Gas – Exploration & Production,139,139,PwC
Entra,Norway,Infrastructure,Real Estate Services,105,105,Deloitte
EPSO-G,Lithuania,Infrastructure,Electric Utilities & Power Generators,87,87,PwC
Equinor,Norway,Extractives & Mineral Processing,Oil & Gas – Exploration & Production,102,102,EY
Eramet,France,Extractives & Mineral Processing,Metals & Mining,212,212,KPMG & Grant Thornton
ERG,Italy,Infrastructure,Electric Utilities & Power Generators,136,136,KPMG
Erste Group Bank,Austria,Financials,Commercial Banks,211,211,PwC
EssilorLuxottica,France,Health Care,Medical Equipment & Supplies,153,153,PwC
Etteplan,Finland,Resource Transformation,Industrial Machinery & Goods,78,78,KPMG
Eurazeo,France,Financials,Asset Management & Custody Activities,50,50,PwC & Forvis Mazars
Euroapi,France,Health Care,Biotechnology & Pharmaceuticals,116,116,EY
Eurocash,Poland,Food & Beverage,Food Retailers & Distributors,126,126,Grant Thornton
Euronext,Netherlands,Financials,Security & Commodity Exchange,69,69,KPMG
European Energy,Denmark,Renewable Resources & Alternative Energy,Wind Technology & Project Developers,92,92,KPMG
Evonik,Germany,Resource Transformation,Chemicals,132,132,KPMG
Exor,Italy,Financials,Asset Management & Custody Activities,63,63,Deloitte
F-Secure,Finland,Technology & Communications,Software & IT Services,104,104,PwC
FACC,Austria,Resource Transformation,Aerospace & Defence,41,41,KPMG
FBD Holdings,Ireland,Financials,Insurance,91,91,PwC
FDJ UNITED,France,Services,Casinos & Gaming,117,117,Deloitte & PwC
Ferrari,Italy,Transportation,Automobiles,122,122,Deloitte
Ferrovial,Spain,Infrastructure,Engineering & Construction Services,145,145,EY
FinecoBank Banca Fineco,Italy,Financials,Commercial Banks,189,189,KPMG
Fingrid,Finland,Infrastructure,Electric Utilities & Power Generators,80,80,KPMG
FinnAir,Finland,Transportation,Airlines,108,108,KPMG
Fiskars,Finland,Consumer Goods,Appliance Manufacturing,101,101,EY
FLSmidth,Denmark,Infrastructure,Engineering & Construction Services,69,69,EY
FMO,Netherlands,Financials,Investment Banking & Brokerage,127,127,EY
Fnac Darty,France,Consumer Goods,Multiline and Specialty Retailers & Distributors,137,137,KPMG & Deloitte
ForFarmers,Netherlands,Food & Beverage,Agricultural Products,71,71,KPMG
Fortum,Finland,Infrastructure,Electric Utilities & Power Generators,73,73,Deloitte
Forvia,France,Transportation,Auto Parts,132,132,EY & Forvis Mazars
freenet,Germany,Technology & Communications,Telecommunication Services,75,75,KPMG
Fresenius,Germany,Health Care,Health Care Delivery,153,153,PwC
Fresenius Medical,Germany,Health Care,Health Care Delivery,102,102,PwC
Fugro,Netherlands,Extractives & Mineral Processing,Oil & Gas – Services,62,62,EY
Galapagos,Belgium,Health Care,Biotechnology & Pharmaceuticals,42,42,BDO
GALP Energia SGPS,Portugal,Extractives & Mineral Processing,Oil & Gas – Exploration & Production,47,47,EY
Gaztransport Et Technigaz,France,Infrastructure,Engineering & Construction Services,81,81,EY
GEA,Germany,Resource Transformation,Industrial Machinery & Goods,171,171,PwC
Genmab,Denmark,Health Care,Biotechnology & Pharmaceuticals,56,56,Deloitte
Gestamp Automocion,Spain,Transportation,Auto Parts,295,295,EY
Getlink,France,Transportation,Rail Transportation,162,162,KPMG & Forvis Mazars
Gjensidige Forsikring,Norway,Financials,Insurance,111,111,Deloitte
Glenveagh Properties,Ireland,Infrastructure,Home Builders,70,70,KPMG
GN Store Nord,Denmark,Health Care,Medical Equipment & Supplies,64,64,PwC
Gofore,Finnland,Technology & Communications,Software & IT Services,78,78,EY
Grand City Properties,Luxembourg,Infrastructure,Real Estate,113,113,KPMG
Greenvolt-Energias Renovaveis,Portugal,Infrastructure,Electric Utilities & Power Generators,192,192,Deloitte
Grifols,Spain,Health Care,Biotechnology & Pharmaceuticals,234,234,Deloitte
Groupe BPCE,France,Financials,Commercial Banks,346,346,PwC & Forvis Mazars
Groupe Bruxelles Lambert (GBL),Belgium,Financials,Asset Management & Custody Activities,617,617,PwC
Grupa Pracuj,Poland,Services,Professional & Commercial Services,87,87,EY
H Lundbeck,Denmark,Health Care,Biotechnology & Pharmaceuticals,86,86,PwC
Hafslund,Norway,Infrastructure,Electric Utilities & Power Generators,127,127,PwC
Hapag Lloyd,Germany,Transportation,Marine Transportation,174,174,KPMG
Heineken,Netherlands,Food & Beverage,Alcoholic Beverages,147,147,Deloitte
Helaba,Germany,Financials,Commercial Banks,245,245,EY
HELLENiQ ENERGY Holdings,Greece,Extractives & Mineral Processing,Oil & Gas – Refining & Marketing,174,174,EY
Helvetia,Switzerland,Financials,Insurance,184,184,KPMG
Henkel,Germany,Consumer Goods,Household & Personal Products,319,319,PwC
Hensoldt,Germany,Technology & Communications,Semiconductors,58,58,KPMG
Hermes,France,Consumer Goods,"Apparel, Accessories & Footwear",174,174,PwC
HKFoods,Finland,Food & Beverage,"Meat, Poultry & Dairy",87,87,EY
Hochtief,Germany,Infrastructure,Engineering & Construction Services,234,234,Deloitte
Hrvatski Telekom,Croatia,Technology & Communications,Telecommunication Services,50,50,Deloitte
HSBC Continental Europe,France,Financials,Commercial Banks,108,108,PwC
Huhtamaki,Finland,Resource Transformation,Containers & Packaging,72,72,KPMG
IAG,Spain,Transportation,Airlines,68,68,KPMG
Iberdrola,Spain,Infrastructure,Electric Utilities & Power Generators,412,412,KPMG
Ibersol SGPS,Portugal,Food & Beverage,Restaurants,69,69,KPMG
ICA Gruppen,Sweden,Food & Beverage,Food Retailers & Distributors,95,95,KPMG
Icade,France,Infrastructure,Real Estate,126,126,Forvis Mazars
If P&C Insurance,Sweden,Financials,Insurance,82,82,Deloitte
Ignitis,Lithuania,Infrastructure,Electric Utilities & Power Generators,119,119,KPMG
iliad,France,Technology & Communications,Telecommunication Services,122,122,Deloitte
IMCD,Netherlands,Resource Transformation,Chemicals,96,96,Deloitte
Imerys,France,Extractives & Mineral Processing,Metals & Mining,171,171,Deloitte & PwC
Impresa SGPS,Portugal,Services,Media & Entertainment,80,80,Deloitte
Inditex,Spain,Consumer Goods,"Apparel, Accessories & Footwear",295,295,EY
ING,Netherlands,Financials,Commercial Banks,60,60,KPMG
ING BANK ŚLĄSKI,Poland,Financials,Commercial Banks,149,149,Forvis Mazars
InPost,Luxembourg,Transportation,Air Freight & Logistics,89,89,PwC
Intesa Sanpaolo,Italy,Financials,Commercial Banks,235,235,EY
Ion Beam Applications (IBA),Belgium,Health Care,Medical Equipment & Supplies,80,80,PwC
Ipsen,France,Health Care,Biotechnology & Pharmaceuticals,212,212,PwC
ISS,Denmark,Services,Professional & Commercial Services,51,51,PwC
Iveco,Netherlands,Transportation,Automobiles,127,127,Deloitte
JDE Peet's,Netherlands,Food & Beverage,Non-Alcoholic Beverages,131,131,Deloitte
Jenoptik,Germany,Technology & Communications,Hardware,63,63,EY
Jerónimo Martins SGPS,Portugal,Food & Beverage,Food Retailers & Distributors,217,217,EY
Jungheinrich,Germany,Resource Transformation,Industrial Machinery & Goods,74,74,PwC
Just Eat Takeaway.com,Netherlands,Technology & Communications,Internet Media & Services,42,42,EY
K+S,Germany,Resource Transformation,Chemicals,93,93,PwC
Kalmar Global,Finland,Resource Transformation,Industrial Machinery & Goods,50,50,EY
KBC GROEP NV,Belgium,Financials,Commercial Banks,107,107,KPMG
Kemira,Finland,Resource Transformation,Chemicals,76,76,EY
Kempower,Finland,Resource Transformation,Electrical & Electronic Equipment,105,105,EY
Kendrion,Netherlands,Resource Transformation,Electrical & Electronic Equipment,63,63,Forvis Mazars
Kering,France,Consumer Goods,"Apparel, Accessories & Footwear",109,109,Deloitte & PwC
Kerry Group,Ireland,Food & Beverage,Food Retailers & Distributors,53,53,PwC
Kesko,Finland,Food & Beverage,Food Retailers & Distributors,70,70,Deloitte
Kingspan,Ireland,Consumer Goods,Building Products & Furnishings,48,48,EY
KION Group,Germany,Resource Transformation,Industrial Machinery & Goods,129,129,KPMG
Kitron Group,Norway,Technology & Communications,Electronic Manufacturing Services & Original Design Manufacturing,60,60,PwC
Klepierre,France,Infrastructure,Real Estate,102,102,EY & Deloitte
Knorr-Bremse,Germany,Resource Transformation,Industrial Machinery & Goods,78,78,KPMG
"KomerÄnÃ­ banka, a.s.",Czech Republic,Financials,Commercial Banks,149,149,KPMG
Kommunal Landspensjonkasse (KLP),Norway,Financials,Insurance,28,28,EY
Kone,Finland,Resource Transformation,Industrial Machinery & Goods,53,53,EY
Konecranes,Finland,Resource Transformation,Industrial Machinery & Goods,84,84,EY
Kongsberg Automotive,Norway,Transportation,Auto Parts,63,63,Deloitte
Koninklijke Vopak,Netherlands,Extractives & Mineral Processing,Oil & Gas – Midstream,130,130,Deloitte
Koskisen,Finland,Renewable Resources & Alternative Energy,Forestry Management,81,81,PwC
KPN,Netherlands,Technology & Communications,Telecommunication Services,116,116,EY
L’Oréal,France,Consumer Goods,Household & Personal Products,97,97,Deloitte & EY
Lagardere,France,Services,Media & Entertainment,145,145,Forvis Mazars & Deloitte
LAMDA Development,Greece,Infrastructure,Real Estate,134,134,EY
Lamor Corp,Finland,Infrastructure,Engineering & Construction Services,62,62,EY
Lanxess,Germany,Resource Transformation,Chemicals,137,137,KPMG
Lectra,France,Technology & Communications,Software & IT Services,83,83,PwC
LEG Immobilien,Germany,Infrastructure,Real Estate,70,70,Deloitte
Legrand,France,Resource Transformation,Electrical & Electronic Equipment,158,158,PwC & Forvis Mazars
Lenzing,Austria,Resource Transformation,Chemicals,200,200,KPMG
Leonardo,Italy,Resource Transformation,Aerospace & Defence,111,111,EY
LHV Group,Estonia,Financials,Asset Management & Custody Activities,82,82,PwC
Lindab International,Sweden,Resource Transformation,Electrical & Electronic Equipment,84,84,Deloitte
Lindex Group,Finland,Consumer Goods,Multiline and Specialty Retailers & Distributors,104,104,EY
LPP,Poland,Consumer Goods,"Apparel, Accessories & Footwear",101,101,Grant Thornton
Luminor Bank,Estonia,Financials,Commercial Banks,152,152,PwC
Lundbeck,Denmark,Health Care,Biotechnology & Pharmaceuticals,85,85,PwC
LVMH,France,Consumer Goods,"Apparel, Accessories & Footwear",193,193,Deloitte
Mærsk,Denmark,Transportation,Marine Transportation,82,82,PwC
Mapfre,Spain,Financials,Insurance,267,267,KPMG
MAXIMA GRUPE,Lithuania,Food & Beverage,Food Retailers & Distributors,104,104,PwC
Mayr Melnhof Karton,Austria,Resource Transformation,Containers & Packaging,93,93,PwC
MBANK,Poland,Financials,Commercial Banks,202,202,KPMG
MELEXIS NV,Belgium,Technology & Communications,Semiconductors,93,93,PwC
Mercedes-Benz,Germany,Transportation,Automobiles,144,144,PwC
Merck,Germany,Health Care,Biotechnology & Pharmaceuticals,192,192,Deloitte
Metsä,Finland,Renewable Resources & Alternative Energy,Pulp & Paper Products,45,45,KPMG
Michelin,France,Transportation,Auto Parts,140,140,Deloitte & PwC
Minor Hotels Europe & Americas,Spain,Services,Hotels & Lodging,297,297,PwC
Modern Times Group (MTG),Sweden,Technology & Communications,Software & IT Services,51,51,PwC
"MONETA Money Bank, a.s.",Czech Republic,Financials,Commercial Banks,124,124,Deloitte
Mota-Engil SGPS,Portugal,Infrastructure,Engineering & Construction Services,166,166,PwC
MT Højgaard Holding,Denmark,Infrastructure,Engineering & Construction Services,64,64,EY
MTU Aero Engines,Germany,Resource Transformation,Aerospace & Defence,102,102,KPMG
Multiconsult,Norway,Infrastructure,Engineering & Construction Services,34,34,Deloitte
Munich Re,Germany,Financials,Insurance,102,102,EY
Natixis,France,Financials,Investment Banking & Brokerage,211,211,PwC & Forvis Mazars
Neste,Finland,Extractives & Mineral Processing,Oil & Gas – Refining & Marketing,49,49,KPMG
Netcompany,Denmark,Technology & Communications,Internet Media & Services,92,92,EY
NIBC Bank,Netherlands,Financials,Commercial Banks,53,53,EY
Nilfisk,Denmark,Resource Transformation,Industrial Machinery & Goods,70,70,Deloitte
NKT,Denmark,Resource Transformation,Electrical & Electronic Equipment,59,59,PwC
NN,Netherlands,Financials,Insurance,122,122,KPMG
NNIT,Denmark,Technology & Communications,Software & IT Services,74,74,EY
Noho Partners,Finland,Food & Beverage,Restaurants,58,58,EY
Nokia,Finland,Technology & Communications,Hardware,104,104,Deloitte
Nokian Tyres,Finland,Transportation,Auto Parts,101,101,EY
Norbit,Norway,Consumer Goods,Multiline and Specialty Retailers & Distributors,52,52,PwC
Nordea,Finland,Financials,Commercial Banks,110,110,PwC
Nordex,Germany,Renewable Resources & Alternative Energy,Wind Technology & Project Developers,129,129,KPMG
Nordic Semiconductor,Norway,Technology & Communications,Semiconductors,91,91,PwC
Norsk Hydro,Norway,Extractives & Mineral Processing,Metals & Mining,72,72,KPMG
Norwegian Air Shuttle,Norway,Transportation,Airlines,87,87,PwC
NOS,Portugal,Technology & Communications,Telecommunication Services,238,238,KPMG
Novabase SGPS,Portugal,Technology & Communications,Software & IT Services,43,43,EY
Novo Banco,Portugal,Financials,Commercial Banks,224,224,EY
Novo Nordisk,Denmark,Health Care,Biotechnology & Pharmaceuticals,53,53,Deloitte
Novonesis,Denmark,Health Care,Biotechnology & Pharmaceuticals,69,69,EY
NTG Nordic Transport Group,Denmark,Transportation,Air Freight & Logistics,74,74,PwC
NWB Bank,Netherlands,Financials,Commercial Banks,66,66,EY
Nykredit,Denmark,Financials,Commercial Banks,98,98,EY
Nykredit Realkredit,Denmark,Infrastructure,Real Estate,98,98,EY
Odfjell Drilling,Norway,Extractives & Mineral Processing,Oil & Gas – Services,41,41,KPMG
Odjefell Shipping,Norway,Transportation,Marine Transportation,114,114,EY
OMV,Austria,Extractives & Mineral Processing,Oil & Gas – Refining & Marketing,327,327,KPMG
Ontex,Belgium,Consumer Goods,Household & Personal Products,88,88,PwC
OP Financial Group,Finland,Financials,Commercial Banks,254,254,PwC
Op Mobility,France,Consumer Goods,Building Products & Furnishings,146,146,PwC & EY
Orange,France,Technology & Communications,Telecommunication Services,137,137,KPMG & Deloitte
ORANGE BELGIUM NV,Belgium,Technology & Communications,Telecommunication Services,135,135,Deloitte
Orano,France,Resource Transformation,Electrical & Electronic Equipment,157,157,KPMG & PwC
Oriola-KD,Finland,Health Care,Biotechnology & Pharmaceuticals,63,63,KPMG
Orion,Finland,Health Care,Medical Equipment & Supplies,81,81,KPMG
Orkla,Norway,Food & Beverage,Processed Foods,120,120,EY
Ørsted,Denmark,Infrastructure,Electric Utilities & Power Generators,100,100,PwC
Outokumpu,Finland,Extractives & Mineral Processing,Iron & Steel Producers,111,111,PwC
Palfinger,Austria,Resource Transformation,Industrial Machinery & Goods,109,109,PwC
Pandora,Denmark,Consumer Goods,"Apparel, Accessories & Footwear",54,54,EY
Pandox,Sweden,Infrastructure,Real Estate Services,55,55,PwC
Permanent TSB Group Holdings,Ireland,Financials,Commercial Banks,159,159,KPMG
PFA,Denmark,Financials,Insurance,98,98,EY
Philips,Netherlands,Infrastructure,Electric Utilities & Power Generators,84,84,EY
Piaggio & C,Italy,Transportation,Automobiles,150,150,Deloitte
Ponsse,Finland,Resource Transformation,Industrial Machinery & Goods,32,32,KPMG
PORR,Austria,Infrastructure,Engineering & Construction Services,135,135,EY
Porsche,Germany,Transportation,Automobiles,88,88,EY
Poste Italiane,Italy,Financials,Commercial Banks,192,192,Deloitte
Posten Bring (ex. Posten Norge),Norway,Transportation,Air Freight & Logistics,102,102,Deloitte
PostNL,Netherlands,Transportation,Air Freight & Logistics,128,128,KPMG
ProCredit Holding,Germany,Financials,Commercial Banks,146,146,BDO
Prosegur,Spain,Services,Professional & Commercial Services,208,208,EY
ProSiebenSat.1 Media,Germany,Services,Media & Entertainment,86,86,PwC
Prysmian,Italy,Resource Transformation,Electrical & Electronic Equipment,299,299,EY
Puma,Germany,Consumer Goods,"Apparel, Accessories & Footwear",143,143,KPMG
QT Group,Finland,Technology & Communications,Software & IT Services,45,45,KPMG
Rabobank,Netherlands,Financials,Commercial Banks,77,77,PwC
Raiffeisen Bank International,Austria,Financials,Commercial Banks,343,343,Deloitte
Randstad,Netherlands,Services,Professional & Commercial Services,59,59,Deloitte
Rapala VMC,Finland,Consumer Goods,Toys & Sporting Goods,25,25,Deloitte
Raute,Finland,Resource Transformation,Industrial Machinery & Goods,52,52,PwC
RECTICEL NV,Belgium,Extractives & Mineral Processing,Construction Materials,64,64,PwC
Redcare Pharmacy,Netherlands,Health Care,Drug Retailers,82,82,Forvis Mazars
RELX,United Kingdom,Services,Professional & Commercial Services,34,34,EY
REN - Redes Energeticas Nacionais SGPS,Portugal,Infrastructure,Electric Utilities & Power Generators,177,177,EY
Renault,France,Transportation,Automobiles,150,150,KPMG & Forvis Mazars
RENK Group,Germany,Resource Transformation,Industrial Machinery & Goods,70,70,PwC
Repsol,Spain,Extractives & Mineral Processing,Oil & Gas – Exploration & Production,203,203,PwC
Rexel,France,Resource Transformation,Industrial Machinery & Goods,155,155,PwC & KPMG
Rheinmetall,Germany,Resource Transformation,Aerospace & Defence,60,60,Deloitte
RHI Magnesita,Netherlands,Extractives & Mineral Processing,Construction Materials,107,107,PwC
Ringkjøbing Landbobank,Denmark,Financials,Commercial Banks,98,98,PwC
Rockwool,Denmark,Consumer Goods,Building Products & Furnishings,79,79,PwC
Royal Ahold Delhaize,Netherlands,Food & Beverage,Food Retailers & Distributors,123,123,KPMG
Royal Schiphol,Netherlands,Transportation,Air Freight & Logistics,102,102,EY
Royal Unibrew,Denmark,Food & Beverage,Alcoholic Beverages,69,69,Deloitte
Rubis,France,Extractives & Mineral Processing,Oil & Gas – Refining & Marketing,182,182,PwC
RWE,Germany,Infrastructure,Electric Utilities & Power Generators,112,112,Deloitte
Saab,Sweden,Resource Transformation,Aerospace & Defence,79,79,PwC
Sacyr SA,Spain,Infrastructure,Engineering & Construction Services,265,265,PwC
SAFRAN,France,Resource Transformation,Aerospace & Defence,123,123,Forvis Mazars & EY
Saint-Gobain,France,Extractives & Mineral Processing,Construction Materials,129,129,Deloitte
SalMar,Norway,Food & Beverage,"Meat, Poultry & Dairy",246,246,EY
Salvatore Ferragamo,Italy,Consumer Goods,"Apparel, Accessories & Footwear",175,175,KPMG
Salzgitter,Germany,Extractives & Mineral Processing,Iron & Steel Producers,102,102,EY
Sampo,Finland,Financials,Insurance,78,78,Deloitte
Sanofi,France,Health Care,Biotechnology & Pharmaceuticals,161,161,PwC & Forvis Mazars
Sanoma,Finland,Services,Media & Entertainment,65,65,PwC
Santander Bank Polska,Poland,Financials,Commercial Banks,127,127,PwC
SAP,Germany,Technology & Communications,Software & IT Services,113,113,BDO
Sartorius,Germany,Health Care,Medical Equipment & Supplies,99,99,PwC
Sartorius Stedim Biotech,France,Health Care,Medical Equipment & Supplies,91,91,PwC
SBAB Bank,Sweden,Financials,Commercial Banks,96,96,Deloitte
SBM Offshore,Netherlands,Extractives & Mineral Processing,Oil & Gas – Exploration & Production,83,83,Deloitte
Scandic Hotels Group,Sweden,Services,Hotels & Lodging,34,34,PwC
Scandinavian Tobacco Group,Denmark,Food & Beverage,Tobacco,48,48,PwC
Scanfil,Finland,Resource Transformation,Electrical & Electronic Equipment,95,95,EY
Schaeffler,Germany,Transportation,Auto Parts,75,75,KPMG
Schibsted,Norway,Services,Media & Entertainment,104,104,PwC
Schneider Electric,France,Resource Transformation,Electrical & Electronic Equipment,185,185,PwC & Forvis Mazars
Schoeller-Bleckmann Oilfield Equipment,Austria,Extractives & Mineral Processing,Oil & Gas – Services,203,203,KPMG
Schouw & Co,Denmark,Food & Beverage,Agricultural Products,73,73,PwC
SCOR,France,Financials,Insurance,106,106,KPMG & Forvis Mazars
Scout24,Germany,Technology & Communications,Internet Media & Services,54,54,PwC
SEB,Sweden,Financials,Commercial Banks,116,116,EY
Seche Environment,France,Infrastructure,Waste Management,96,96,Grant Thornton
Semperit,Austria,Resource Transformation,Industrial Machinery & Goods,133,133,EY
SGL Carbon,Germany,Resource Transformation,Chemicals,75,75,KPMG
Shell,United Kingdom,Extractives & Mineral Processing,Oil & Gas – Exploration & Production,99,99,EY
SIF Holding,Netherlands,Renewable Resources & Alternative Energy,Wind Technology & Project Developers,40,40,BDO
Signify,Netherlands,Resource Transformation,Electrical & Electronic Equipment,83,83,EY
Siili Solutions,Finland,Technology & Communications,Software & IT Services,22,22,KPMG
Silgro Food Group,Netherlands,Food & Beverage,Restaurants,81,81,EY
Sitowise,Finland,Infrastructure,Engineering & Construction Services,65,65,KPMG
Sixt,Germany,Transportation,Car Rental & Leasing,44,44,Forvis Mazars
SNCF,France,Transportation,Rail Transportation,207,207,PwC & EY
Societe BIC,France,Consumer Goods,Household & Personal Products,77,77,Grant Thornton
Société Générale,France,Financials,Commercial Banks,113,113,PwC & KPMG
Solar,Denmark,Renewable Resources & Alternative Energy,Solar Technology & Project Developers,54,54,Deloitte
SOLVAY SA,Belgium,Resource Transformation,Chemicals,82,82,EY
Sonae,Portugal,Food & Beverage,Food Retailers & Distributors,186,186,PwC
Sopra Steria,France,Technology & Communications,Software & IT Services,143,143,ACA Nexia & Saint Front
Spar Nord Bank,Denmark,Financials,Commercial Banks,59,59,Deloitte
SpareBank 1 SR-Bank,Norway,Financials,Commercial Banks,128,128,PwC
SPIE,France,Infrastructure,Engineering & Construction Services,83,83,PwC
SSAB,Sweden,Extractives & Mineral Processing,Iron & Steel Producers,54,54,EY
Statkraft,Norway,Infrastructure,Electric Utilities & Power Generators,120,120,PwC
Stedin,Netherlands,Infrastructure,Electric Utilities & Power Generators,60,60,Deloitte
Stellantis,Netherlands,Transportation,Automobiles,105,105,Deloitte
STMicroelectronics,Netherlands,Technology & Communications,Semiconductors,140,140,EY
Stora Enso,Finland,Renewable Resources & Alternative Energy,Pulp & Paper Products,58,58,PwC
Storebrand,Norway,Financials,Insurance,136,136,PwC
STRABAG,Austria,Infrastructure,Engineering & Construction Services,113,113,PwC
Subsea 7,Luxembourg,Extractives & Mineral Processing,Oil & Gas – Services,56,56,EY
Svenska Handelsbanken,Sweden,Financials,Commercial Banks,119,119,Deloitte
Swedbank,Sweden,Financials,Commercial Banks,153,153,PwC
Syensqo,Belgium,Resource Transformation,Chemicals,128,128,EY
Talanx,Germany,Financials,Insurance,104,104,PwC
Tatra banka,Slovakia,Financials,Commercial Banks,248,248,Deloitte
TDC Net,Denmark,Technology & Communications,Telecommunication Services,114,114,Deloitte
TeamViewer,Germany,Technology & Communications,Software & IT Services,52,52,PwC
Technip Energies,Netherlands,Infrastructure,Engineering & Construction Services,126,126,PwC
Tecnotree Corporation,Finland,Technology & Communications,Telecommunication Services,39,39,Tietotili Audit
Tele2,Sweden,Technology & Communications,Telecommunication Services,91,91,KPMG
Telefónica,Spain,Technology & Communications,Telecommunication Services,179,179,PwC
Telefónica Deutschland,Germany,Technology & Communications,Telecommunication Services,85,85,PwC
Telekom Austria (A1 Telekom Austria),Austria,Technology & Communications,Telecommunication Services,87,87,EY
Telenor,Norway,Technology & Communications,Telecommunication Services,83,83,EY
Teleperformance,France,Technology & Communications,Software & IT Services,111,111,PwC
Telia Company,Sweden,Technology & Communications,Telecommunication Services,99,99,KPMG
Telia Lithuania,Lithuania,Technology & Communications,Telecommunication Services,91,91,PwC
Tenaris,Luxembourg,Extractives & Mineral Processing,Iron & Steel Producers,113,113,PwC
TenneT Holding,Netherlands,Infrastructure,Electric Utilities & Power Generators,59,59,Deloitte
TESSENDERLO GROUP NV,Belgium,Resource Transformation,Chemicals,74,74,KPMG
TF1,France,Services,Media & Entertainment,103,103,EY
TGS NOPEC Geophysical Co,Norway,Extractives & Mineral Processing,Oil & Gas – Services,90,90,KPMG
Thales,France,Resource Transformation,Aerospace & Defence,93,93,PwC
The Navigator Company,Portugal,Renewable Resources & Alternative Energy,Pulp & Paper Products,179,179,KPMG
Thermador Groupe,France,Consumer Goods,Multiline and Specialty Retailers & Distributors,83,83,KPMG
Tietoevry,Finland,Technology & Communications,Software & IT Services,78,78,Deloitte
TKH,Netherlands,Technology & Communications,Software & IT Services,74,74,EY
TKM Grupp,Estonia,Food & Beverage,Food Retailers & Distributors,57,57,PwC
TOMRA Systems,Norway,Resource Transformation,Industrial Machinery & Goods,70,70,PwC
TomTom,Netherlands,Technology & Communications,Internet Media & Services,38,38,PwC
TORM,United Kingdom,Extractives & Mineral Processing,Oil & Gas – Midstream,113,113,EY
TotalEnergies,France,Extractives & Mineral Processing,Oil & Gas – Exploration & Production,145,145,EY
Trifork,Switzerland,Technology & Communications,Internet Media & Services,60,60,EY
Triodos Bank,Netherlands,Financials,Commercial Banks,160,160,PwC
Tryg,Denmark,Financials,Insurance,78,78,PwC
UCB,Belgium,Health Care,Biotechnology & Pharmaceuticals,81,81,Forvis Mazars
Umicore,Belgium,Resource Transformation,Chemicals,59,59,EY
Unibail-Rodamco-Westfield (URW),France,Infrastructure,Real Estate,146,146,KPMG & Deloitte
Unibel,France,Food & Beverage,"Meat, Poultry & Dairy",167,167,PwC & Grant Thornton
Unicaja Banco,Spain,Financials,Commercial Banks,355,355,KPMG
UniCredit,Italy,Financials,Commercial Banks,185,185,KPMG
Unifieldpost Group,Belgium,Technology & Communications,Software & IT Services,96,96,BDO
Unilever,United Kingdom,Consumer Goods,Household & Personal Products,76,76,KPMG
Uniper,Germany,Infrastructure,Electric Utilities & Power Generators,158,158,PwC
Universal Music Group,Netherlands,Services,Media & Entertainment,49,49,EY
UPM,Finland,Renewable Resources & Alternative Energy,Pulp & Paper Products,60,60,EY
Vaisala,Finland,Resource Transformation,Electrical & Electronic Equipment,46,46,PwC
Valamar Riviera,Croatia,Services,Hotels & Lodging,58,58,EY
Valeo,France,Transportation,Auto Parts,161,161,KPMG & Forvis Mazars
Vallourec,France,Extractives & Mineral Processing,Iron & Steel Producers,129,129,EY
Van Lanschot,Netherlands,Financials,Asset Management & Custody Activities,73,73,PwC
Vandemoortele,Belgium,Food & Beverage,Processed Foods,122,122,Deloitte
Var Energi,Norway,Extractives & Mineral Processing,Oil & Gas – Exploration & Production,128,128,PwC
Vattenfall,Sweden,Infrastructure,Electric Utilities & Power Generators,78,78,PwC
Veidekke,Norway,Infrastructure,Engineering & Construction Services,124,124,EY
Veolia,France,Infrastructure,Water Utilities & Services,145,145,KPMG & EY
Verbund,Austria,Infrastructure,Electric Utilities & Power Generators,191,191,EY
Vestas,Denmark,Renewable Resources & Alternative Energy,Wind Technology & Project Developers,81,81,Deloitte
Vienna Insurance Group,Austria,Financials,Insurance,98,98,KPMG
Viking Line,Finland,Transportation,Marine Transportation,51,51,PwC
VINCI,France,Infrastructure,Engineering & Construction Services,90,90,PwC
Virdien,France,Technology & Communications,Software & IT Services,81,81,EY
Vivendi,France,Services,Media & Entertainment,91,91,Deloitte & Grant Thornton
Volkswagen,Germany,Transportation,Automobiles,239,239,EY
Vonovia,Germany,Infrastructure,Real Estate,107,107,PwC
VP Bank,Liechtenstein,Financials,Asset Management & Custody Activities,105,105,PwC
VR Yhthyma,Finland,Transportation,Rail Transportation,83,83,KPMG
Vseobecna Uverova Banka (VUB),Slovakia,Financials,Commercial Banks,183,183,EY
WACKER Chemie,Germany,Resource Transformation,Chemicals,107,107,PwC
Wallenius Wilhelmsen,Norway,Transportation,Marine Transportation,94,94,EY
Warehouse de Pauw,Belgium,Infrastructure,Real Estate,62,62,Deloitte
Wärtsilä,Finland,Consumer Goods,Appliance Manufacturing,45,45,PwC
Westwing Group SE,Germany,Consumer Goods,E-commerce,117,117,PwC
Wienerberger,Austria,Extractives & Mineral Processing,Construction Materials,109,109,Deloitte
Wirtualna Polska Holding,Poland,Technology & Communications,Internet Media & Services,86,86,PwC
WithSecure,Finland,Technology & Communications,Software & IT Services,75,75,PwC
Wolters Kluwer,Netherlands,Services,Professional & Commercial Services,63,63,Deloitte
Worldline,France,Technology & Communications,Software & IT Services,125,125,Deloitte
XXL,Norway,Consumer Goods,Toys & Sporting Goods,87,87,PwC
Yara International,Norway,Resource Transformation,Chemicals,142,142,Deloitte
Zabka,Luxembourg,Food & Beverage,Food Retailers & Distributors,67,67,EY
Zagrebacka Banka DD,Croatia,Financials,Commercial Banks,163,163,KPMG
Zalando,Germany,Consumer Goods,E-Commerce,130,130,KPMG
